Id;Name;Lage;Areacode;Abk.;Abk..1;Raw;TextResBaseId;AnzText;PhotoFilename / GLI-Filename;AnzPhoto;Einwohner Stadt;Breite (X);Höhe (Y);Breite (X).1;Höhe (Y).1;Miete;NewInAddOn
152;Dublin;Europa (Nord);1;DUB;DUB;dub;2520;1;DUBLIN1;3;20016800;-6,25;-53,43;-1,25;-52,43;20000;1
181;Glasgow;Europa (Nord);1;GLA;GLA;-;2781;1;NOCITY;0;2864700;-4,43;-55,87;0,57;-54,87;3000;3
111;Helsinki;Europa (Nord);1;HEL;HEL;hel;2110;1;NOCITY;0;11762400;24,97;-60,33;29,97;-59,33;12000;0
107;Kopenhaga;Europa (Nord);1;KOP;CPH;kop;2070;1;KOPEN1;1;18211700;12,63;-55,61;17,63;-54,61;18000;0
182;Manchester;Europa (Nord);1;MCR;MAN;-;2782;1;NOCITY;0;15693900;-2,28;-53,35;2,72;-52,35;15500;3
123;Oslo;Europa (Nord);1;OSL;OSL;oslo;2230;1;OSLO1;1;10734200;11,08;-60,2;16,08;-59,2;10500;0
144;Reykjavík;Europa (Nord);1;REY;KEF;rekj;2440;1;REYKJA1;2;4313600;-22,6;-63,99;-17,6;-62,99;4500;0
156;Sztokholm;Europa (Nord);1;STO;ARN;sto;2560;1;STOCKH1;2;13632500;17,93;-59,66;22,93;-58,66;13500;1
122;Amsterdam;Europa (Zentral);1;AMS;AMS;ams;2220;1;AMSTER1;1;42068600;4,77;-52,31;9,77;-51,31;42000;0
108;Berlin;Europa (Zentral);1;BER;BER;ber;2080;1;BERLIN1;1;16112500;13,51;-52,36;18,51;-51,36;16000;0
183;Bordeaux;Europa (Zentral);1;BOR;BOD;-;2783;1;NOCITY;0;2795600;-0,71;-44,83;4,29;-43,83;3000;3
168;Bruksela;Europa (Zentral);1;BRU;BRU;-;2680;1;NOCITY;0;16781800;4,48;-50,9;9,48;-49,9;17000;2
153;Frankfurt;Europa (Zentral);1;FRA;FRA;fra;2530;1;FRANK1;2;40889300;8,57;-50,04;13,57;-49,04;41000;1
184;Genewa;Europa (Zentral);1;GVA;GVA;-;2784;1;NOCITY;0;11077200;6,11;-46,24;11,11;-45,24;11000;3
185;Hamburg;Europa (Zentral);1;HAM;HAM;-;2785;1;NOCITY;0;7516800;9,99;-53,63;14,99;-52,63;7500;3
114;Londyn;Europa (Zentral);1;LON;LHR;lon;2140;1;LONDON1;5;50054400;-0,45;-51,47;4,55;-50,47;50000;0
186;Luksemburg;Europa (Zentral);1;LUX;LUX;-;2786;1;NOCITY;0;3068300;6,21;-49,63;11,21;-48,63;3000;3
187;Mediolan;Europa (Zentral);1;MAI;MXP;-;2787;1;NOCITY;0;14526400;8,73;-45,63;13,73;-44,63;14500;3
109;Monachium;Europa (Zentral);1;MUN;MUC;muench;2090;1;MUNICH1;1;25444900;11,78;-48,35;16,78;-47,35;25500;0
112;Paryż;Europa (Zentral);1;PAR;CDG;par;2120;1;PARIS1;2;42274400;2,55;-49,01;7,55;-48,01;42500;0
124;Wiedeń;Europa (Zentral);1;WIE;VIE;wien;2240;1;WIEN1;1;20076300;16,56;-48,11;21,56;-47,11;20000;0
150;Zurych;Europa (Zentral);1;ZUR;ZRH;zuer;2500;1;NOCITY;0;20386700;8,55;-47,46;13,55;-46,46;20500;0
188;Belgrad;Europa (Ost);1;BEG;BEG;-;2788;1;NOCITY;0;3784600;20,31;-44,82;25,31;-43,82;4000;4
189;Bratysława;Europa (Ost);1;BRA;BTS;-;2789;1;NOCITY;0;1211700;17,22;-48,17;22,22;-47,17;1000;4
190;Budapeszt;Europa (Ost);1;BUD;BUD;-;2790;1;NOCITY;0;9533200;19,23;-47,43;24,23;-46,43;9500;3
191;Bukareszt;Europa (Ost);1;BUK;OTP;-;2791;1;NOCITY;0;7628800;26,1;-44,57;31,1;-43,57;7500;3
192;Kiszyniów;Europa (Ost);1;CHI;KIV;-;2792;1;NOCITY;0;1803800;28,93;-46,93;33,93;-45,93;2000;4
142;Kijów;Europa (Ost);1;KIE;KBP;kiev;2420;1;NOCITY;0;6556400;30,89;-50,34;35,89;-49,34;6500;0
193;Kraków;Europa (Ost);1;KRK;KRK;-;2793;1;NOCITY;0;4528200;19,78;-50,08;24,78;-49,08;4500;4
194;Lublana;Europa (Ost);1;LJU;LJU;-;2794;1;NOCITY;0;1134000;14,46;-46,22;19,46;-45,22;1000;4
195;Mińsk;Europa (Ost);1;MIN;MSQ;-;2795;1;NOCITY;0;2729400;27,53;-53,87;32,53;-52,87;2500;4
143;Moskwa;Europa (Ost);1;MOS;SVO;mosk;2430;1;MOSKAU1;1;17662300;37,42;-55,98;42,42;-54,98;17500;0
196;Praga;Europa (Ost);1;PRA;PRG;-;2796;1;NOCITY;0;10606200;14,27;-50,1;19,27;-49,1;10500;3
197;Ryga;Europa (Ost);1;RIG;RIX;-;2797;1;NOCITY;0;4669700;24,05;-57,02;29,05;-56,02;4500;3
198;Petersburg;Europa (Ost);1;SPE;LED;-;2798;1;NOCITY;0;4042900;30,3;-59,8;35,3;-58,8;4000;4
199;Tallinn;Europa (Ost);1;TAL;TLL;-;2799;1;NOCITY;0;1888200;24,82;-59,42;29,82;-58,42;2000;4
200;Wilno;Europa (Ost);1;VIL;VNO;-;2800;1;NOCITY;0;2716600;25,28;-54,63;30,28;-53,63;2500;4
127;Warszawa;Europa (Ost);1;WAR;WAW;war;2270;1;NOCITY;0;10154200;20,97;-52,17;25,97;-51,17;10000;0
201;Zagrzeb;Europa (Ost);1;ZAG;ZAG;-;2801;1;NOCITY;0;1941600;16,07;-45,74;21,07;-44,74;2000;3
158;Atlantyda;Europa (Süd);1;ATS;ATS;-;2580;1;NOCITY;0;100;-30;-41;-28;-40;1000;2
202;Azory;Europa (Süd);1;AZO;PDL;-;2802;1;NOCITY;0;184200;-25,68;-37,75;-23,68;-36,75;1000;3
170;Barcelona;Europa (Süd);1;BAR;BCN;-;2700;1;NOCITY;0;23189200;2,08;-41,3;4,08;-40,3;23000;2
203;Gibraltar;Europa (Süd);1;GIB;GIB;-;2803;1;NOCITY;0;298400;-5,35;-36,15;-3,35;-35,15;500;4
204;Ibiza;Europa (Süd);1;IBI;IBZ;-;2804;1;NOCITY;0;2671000;1,37;-38,87;3,37;-37,87;2500;3
205;Stambuł;Europa (Süd);1;IST;IST;-;2805;1;NOCITY;0;32419400;28,82;-40,98;30,82;-39,98;32500;3
206;Lizbona;Europa (Süd);1;LIS;LIS;-;2806;1;NOCITY;0;16651300;-9,13;-38,78;-7,13;-37,78;16500;3
129;Madryt;Europa (Süd);1;MAD;MAD;madrid;2290;1;MADRID1;1;26811700;-3,56;-40,47;-1,56;-39,47;27000;0
207;Malaga;Europa (Süd);1;AGP;AGP;-;2807;1;NOCITY;0;9401900;-4,5;-36,67;-2,5;-35,67;9500;4
208;Malta;Europa (Süd);1;MAL;MLA;-;2808;1;NOCITY;0;4415600;14,55;-35,84;16,55;-34,84;4500;3
209;Nicea;Europa (Süd);1;NCE;NCE;-;2809;1;NOCITY;0;6147300;7,22;-43,66;9,22;-42,66;6000;4
171;Palma;Europa (Süd);1;PAL;PMI;-;2710;1;MALLORC1;2;11811800;2,73;-39,55;4,73;-38,55;12000;2
210;Porto;Europa (Süd);1;OPO;OPO;-;2810;1;NOCITY;0;6315700;-8,67;-41,24;-6,67;-40,24;6500;4
116;Rzym;Europa (Süd);1;ROM;FCO;rom;2160;1;ROM1;1;20737900;12,24;-41,8;14,24;-40,8;20500;0
211;Wenecja;Europa (Süd);1;VEN;VCE;-;2811;1;NOCITY;0;6232000;12,35;-45,5;14,35;-44,5;6000;4
133;Ankara;Europa (Süd-Ost);1;ANK;ESB;ank;2330;1;ANKARA1;1;1601500;33;-40,13;35;-40,13;1500;0
212;Antalya;Europa (Süd-Ost);1;AYT;AYT;-;2812;1;NOCITY;0;9355600;30,79;-36,91;32,79;-36,91;9500;3
113;Ateny;Europa (Süd-Ost);1;ATH;ATH;ath;2999;1;ATHEN1;2;10671500;23,94;-37,94;25,94;-37,94;10500;0
213;Heraklion;Europa (Süd-Ost);1;HER;HER;-;2813;1;NOCITY;0;2804800;25,18;-35,34;27,18;-35,34;3000;4
214;Larnaka;Europa (Süd-Ost);1;LAR;LCA;-;2814;1;NOCITY;0;4185500;33,63;-34,88;35,63;-34,88;4000;4
215;Podgorica;Europa (Süd-Ost);1;POD;TGD;-;2815;1;NOCITY;0;765500;19,25;-42,36;21,25;-42,36;1000;4
216;Sarajewo;Europa (Süd-Ost);1;SAR;SJJ;-;2816;1;NOCITY;0;743900;18,34;-43,82;20,34;-43,82;500;4
217;Skopje;Europa (Süd-Ost);1;SKO;SKP;-;2817;1;NOCITY;0;1355500;21,62;-41,96;23,62;-41,96;1500;4
218;Sofia;Europa (Süd-Ost);1;SOF;SOF;-;2818;1;NOCITY;0;3937900;23,4;-42,7;25,4;-42,7;4000;3
219;Tirana;Europa (Süd-Ost);1;TIR;TIA;-;2819;1;NOCITY;0;2063300;19,72;-41,42;21,72;-41,42;2000;4
220;Abu;Asien (Nah-Ost);4;ABU;AUH;-;2820;1;NOCITY;0;13299100;54,65;-24,43;50,82;-22,93;13500;4
221;Amman;Asien (Nah-Ost);4;AMM;AMM;-;2821;1;NOCITY;0;5944800;36;-31,72;33,48;-30,22;6000;3
222;Bagdad;Asien (Nah-Ost);4;BAG;BGW;-;2822;1;NOCITY;0;2197700;44,5;-33,27;41,39;-31,77;2000;3
223;Bahrajn;Asien (Nah-Ost);4;BAH;BAH;-;2823;1;NOCITY;0;6799400;50,64;-26,27;47,1;-24,77;7000;3
224;Baku;Asien (Nah-Ost);4;BAK;GYD;-;2824;1;NOCITY;0;2681400;50,05;-40,47;46,55;-38,97;2500;3
225;Bejrut;Asien (Nah-Ost);4;BEY;BEY;-;2825;1;NOCITY;0;5599400;35,49;-33,81;33,01;-32,31;5500;4
226;Damaszek;Asien (Nah-Ost);4;DAM;DAM;-;2826;1;NOCITY;0;380400;36,52;-33,41;33,96;-31,91;500;3
227;Doha;Asien (Nah-Ost);4;DOH;DOH;-;2827;1;NOCITY;0;27125700;51,61;-25,27;48;-23,77;27000;3
228;Dżudda;Asien (Nah-Ost);4;JED;JED;-;2828;1;NOCITY;0;15505900;39,16;-21,67;36,42;-20,17;15500;3
229;Dubaj;Asien (Nah-Ost);4;DXB;DXB;-;2829;1;NOCITY;0;55655700;55,36;-25,25;51,48;-23,75;55500;3
230;Kuwejt;Asien (Nah-Ost);4;KUW;KWI;-;2830;1;NOCITY;0;10916100;47,98;-29,23;44,62;-27,73;11000;3
231;Maskat;Asien (Nah-Ost);4;MUS;MCT;-;2831;1;NOCITY;0;10243300;58,28;-23,59;54,2;-22,09;10000;4
147;Rijad;Asien (Nah-Ost);4;RIA;RUH;riad;2470;1;NOCITY;0;8127700;46,7;-24,96;43,43;-23,46;8000;0
361;Sana;Asien (Nah-Ost);4;SAN;SAH;-;2961;1;NOCITY;0;189800;44,22;-15,48;41,12;-13,98;1000;4
232;Soczi;Asien (Nah-Ost);4;SOC;AER;-;2832;1;NOCITY;0;261800;39,93;-43,45;37,13;-41,95;500;3
233;Tbilisi;Asien (Nah-Ost);4;TBS;TBS;-;2833;1;NOCITY;0;2424000;44,96;-41,67;41,81;-40,17;2500;4
234;Teheran;Asien (Nah-Ost);4;THE;IKA;-;2834;1;NOCITY;0;4551200;51,15;-35,41;47,57;-33,91;4500;3
235;Tel;Asien (Nah-Ost);4;TAV;TLV;-;2835;1;NOCITY;0;13820200;34,88;-32,01;32,44;-30,51;14000;3
236;Erywań;Asien (Nah-Ost);4;YER;EVN;-;2836;1;NOCITY;0;1876200;44,4;-40,15;41,29;-38,65;2000;4
237;Algier;Afrika (Nord);3;ALG;ALG;-;2837;1;NOCITY;0;3904900;3,22;-36,69;2,99;-35,19;4000;4
238;Casablanca;Afrika (Nord);3;CAS;CMN;-;2838;1;NOCITY;0;6628500;-7,59;-33,37;-8,12;-31,87;6500;3
239;Funchal;Afrika (Nord);3;FNC;FNC;-;2839;1;NOCITY;0;890500;-16,78;-32,69;-22,78;-31,19;1000;3
100;Kair;Afrika (Nord);3;KAI;CAI;kairo;2000;2;KAIRO1;3;11260400;31,41;-30,14;29,21;-28,64;11500;0
240;Trypolis;Afrika (Nord);3;TRI;TIP;-;2840;1;NOCITY;0;576800;13,16;-32,66;12,24;-31,16;500;4
132;Tunis;Afrika (Nord);3;TUN;TUN;tun;2320;1;TUNIS1;1;4112800;10,23;-36,85;9,51;-35,35;4000;0
241;Abidżan;Afrika (West);3;ABI;ABJ;abidj;2841;1;NOCITY;0;1731600;-3,93;-5,26;-9,93;-3,76;1500;3
242;Abudża;Afrika (West);3;ABJ;ABV;-;2842;1;NOCITY;0;577700;7,27;-9,01;1,27;-7,51;500;3
243;Akra;Afrika (West);3;ARA;ACC;-;2843;1;NOCITY;0;1549700;-0,17;-5,6;-6,17;-4,1;1500;3
244;Bamako;Afrika (West);3;BAM;BKO;-;2844;1;NOCITY;0;584100;-8,03;-12,63;-14,03;-11,13;500;3
245;Bangui;Afrika (West);3;BAN;BGF;-;2845;1;NOCITY;0;105400;18,52;-4,4;12,52;-2,9;1000;3
246;Bandżul;Afrika (West);3;BJL;BJL;-;2846;1;NOCITY;0;328500;-16,65;-13,34;-22,65;-11,84;500;3
247;Brazawila;Afrika (West);3;BZV;BZV;-;2847;1;NOCITY;0;209600;15,25;4,25;9,25;7,25;1000;4
248;Kotonu;Afrika (West);3;COT;COO;-;2848;1;NOCITY;0;476800;2,39;-6,35;-3,61;-4,85;500;4
140;Dakar;Afrika (West);3;DAK;DSS;dak;2400;1;DAKAR1;1;1578600;-17,07;-14,67;-23,07;-13,17;1500;0
249;Dual;Afrika (West);3;DOU;DLA;-;2849;1;NOCITY;0;573300;9,71;-4,01;3,71;-1,01;500;4
250;Freetown;Afrika (West);3;FRE;FNA;-;2850;1;NOCITY;0;217800;-13,2;-8,62;-19,2;-7,12;1000;3
251;Republika;Afrika (West);3;CVE;SID;-;2851;1;NOCITY;0;657500;-22,95;-16,75;-28,95;-15,25;500;3
252;Lagos;Afrika (West);3;LAG;LOS;-;2852;1;NOCITY;0;2138000;3,33;-6,59;-2,67;-5,09;2000;3
172;Las;Afrika (West);3;LPA;ACE;-;2720;1;NOCITY;0;12834900;-15,38;-27,93;-21,38;-26,43;13000;2
253;Libreville;Afrika (West);3;LIB;LBV;-;2853;1;NOCITY;0;453800;9,42;-0,46;3,42;2,54;500;4
254;Lomé;Afrika (West);3;LOM;LFW;-;2854;1;NOCITY;0;642500;1,25;-6,16;-4,75;-3,16;500;4
255;Luanda;Afrika (West);3;LUA;LAD;-;2855;1;NOCITY;0;1227100;13,24;8,85;7,24;11,85;1000;3
256;Malabo;Afrika (West);3;MLB;SSG;-;2856;1;NOCITY;0;356100;8,71;-3,75;2,71;-0,75;500;4
257;Matoto;Afrika (West);3;MAT;CKY;-;2857;1;NOCITY;0;441700;-13,61;-9,58;-19,61;-8,08;500;4
258;Monrovia;Afrika (West);3;MNR;ROB;-;2858;1;NOCITY;0;166800;-10,36;-6,24;-16,36;-4,74;1000;3
259;Ndżamena;Afrika (West);3;DJA;NDJ;-;2859;1;NOCITY;0;205700;15,03;-12,13;9,03;-10,63;1000;3
260;Niamey;Afrika (West);3;NIA;NIM;-;2860;1;NOCITY;0;401900;2,17;-13,48;-3,83;-11,98;500;3
261;Nouakchott;Afrika (West);3;NOU;NKC;-;2861;1;NOCITY;0;262000;-15,95;-18,09;-21,95;-16,59;500;4
262;Wagadugu;Afrika (West);3;OUA;OUA;-;2862;1;NOCITY;0;471100;-1,51;-12,35;-7,51;-10,85;500;4
263;Addis;Afrika (Ost);3;AAB;ADD;-;2863;1;NOCITY;0;8422800;38,8;-8,98;33,8;-7,48;8500;3
264;Asmara;Afrika (Ost);3;ASM;ASM;-;2864;1;NOCITY;0;315300;38,91;-15,29;33,91;-13,79;500;4
265;Dar;Afrika (Ost);3;DES;DAR;-;2865;1;NOCITY;0;985100;39,2;6,88;34,2;9,88;1000;4
266;Dżibuti;Afrika (Ost);3;DJI;JIB;-;2866;1;NOCITY;0;294100;43,16;-11,55;38,16;-10,05;500;3
267;Kampala;Afrika (Ost);3;KAM;EBB;-;2867;1;NOCITY;0;1154700;32,44;-0,04;27,44;2,96;1000;3
268;Chartum;Afrika (Ost);3;KHA;KRT;-;2868;1;NOCITY;0;1905700;32,56;-15,6;27,56;-14,1;2000;3
269;Kigali;Afrika (Ost);3;KIG;KGL;-;2869;1;NOCITY;0;1149300;30,14;1,97;25,14;4,97;1000;4
270;Mauritius;Afrika (Ost);3;MAU;MRU;-;2870;1;NOCITY;0;2422700;57,68;20,43;52,68;23,43;2500;3
271;Mogadiszu;Afrika (Ost);3;MOG;MGQ;-;2871;1;NOCITY;0;254300;45,3;-2,01;40,3;0,99;500;4
118;Nairobi;Afrika (Ost);3;NAI;NBO;nairobi;2180;1;NAIRO1;1;4633000;36,93;1,32;31,93;4,32;4500;0
272;Seszele;Afrika (Ost);3;SEY;SEZ;-;2872;1;NOCITY;0;802500;55,52;4,67;50,52;7,67;1000;3
351;Zanzibar;Afrika (Ost);4;ZAN;ZNZ;-;2951;1;NOCITY;0;505400;39,22;6,22;34,22;9,22;500;4
148;Antananarywa;Afrika (Süd);3;ANT;TNR;-;2480;1;ANA1;1;542300;47,49;18,8;42,49;24,8;500;0
273;Bujumbura;Afrika (Süd);3;BUJ;BJM;-;2873;1;NOCITY;0;143500;29,32;3,33;24,32;9,33;1000;4
274;Gaborone;Afrika (Süd);3;GAB;GBE;-;2874;1;NOCITY;0;315700;25,94;24,65;20,94;30,65;500;3
275;Harare;Afrika (Süd);3;HAR;HRE;-;2875;1;NOCITY;0;751200;31,1;17,92;26,1;23,92;1000;3
130;Johannesburg;Afrika (Süd);3;JOH;JNB;john;2300;1;NOCITY;0;7239300;28,24;26,14;23,24;32,14;7000;0
176;Kapsztad;Afrika (Süd);3;KAP;CPT;-;2760;1;NOCITY;0;1659600;18,6;33,96;13,6;39,96;1500;2
276;Lumbadzi;Afrika (Süd);3;LUM;LLW;-;2876;1;NOCITY;0;258300;33,78;13,79;28,78;19,79;500;4
277;Lusaka;Afrika (Süd);3;LUS;LUN;-;2877;1;NOCITY;0;579600;28,45;15,33;23,45;21,33;500;3
278;Maputo;Afrika (Süd);3;MAP;MPM;-;2878;1;NOCITY;0;469600;32,57;25,92;27,57;31,92;500;3
279;Saint-Denis;Afrika (Süd);3;SDE;RUN;-;2879;1;NOCITY;0;1484900;55,52;20,88;50,52;26,88;1500;4
280;Windhuk;Afrika (Süd);3;WDH;WDH;-;2880;1;NOCITY;0;694800;17,47;22,48;12,47;28,48;500;3
281;Calgary;Amerika (Nord-West);2;CAL;YYC;-;2881;1;NOCITY;0;3745100;-114,02;-51,11;-119,02;-42,11;3500;3
282;Edmonton;Amerika (Nord-West);2;EDM;YEG;-;2882;1;NOCITY;0;980900;-113,59;-53,3;-118,59;-44,3;1000;3
164;Las;Amerika (Nord-West);2;LAS;LAS;-;2640;1;VEGAS1;2;2446900;-115,16;-36,08;-120,16;-27,08;2500;2
137;Los;Amerika (Nord-West);2;LOS;LAX;la;2370;1;LA1;3;17998700;-118,41;-33,94;-123,41;-24,94;18000;0
165;Phoenix;Amerika (Nord-West);2;PHO;PHX;-;2650;1;NOCITY;0;1594600;-112,01;-33,44;-117,01;-24,44;1500;2
283;Salt;Amerika (Nord-West);2;SLC;SLC;-;2883;1;NOCITY;0;1049200;-111,97;-40,78;-116,97;-31,78;1000;3
161;San;Amerika (Nord-West);2;SFO;SFO;-;2610;1;SANFRAN1;4;9998300;-122,37;-37,62;-127,37;-28,62;10000;2
284;Seattle;Amerika (Nord-West);2;SEA;SEA;-;2884;1;NOCITY;0;4176400;-122,31;-47,45;-127,31;-38,45;4000;3
146;Vancouver;Amerika (Nord-West);2;VAN;YVR;vanc;2460;1;NOCITY;0;9339800;-123,19;-49,19;-128,19;-40,19;9500;0
138;Chicago;Amerika (Nord-Zentral);2;CHI;ORD;chi;2380;1;CHICAGO1;4;9962200;-87,91;-41,98;-92,91;-32,98;10000;0
160;Dallas;Amerika (Nord-Zentral);2;DAL;DFW;-;2600;1;NOCITY;0;7978600;-97,04;-32,9;-102,04;-23,9;8000;2
151;Denver;Amerika (Nord-Zentral);2;DEN;DEN;den;2510;1;DENVER1;2;2574800;-104,67;-39,86;-109,67;-30,86;2500;1
157;Houston;Amerika (Nord-Zentral);2;HOU;IAH;hou;2570;1;HOUSTON1;1;9391900;-95,34;-29,98;-100,34;-20,98;9500;1
285;Minneapolis;Amerika (Nord-Zentral);2;MNN;MSP;-;2885;1;NOCITY;0;3465700;-93,22;-44,89;-98,22;-35,89;3500;3
166;Saint;Amerika (Nord-Zentral);2;STL;STL;-;2660;1;NOCITY;0;240900;-90,36;-38,75;-95,36;-29,75;1000;2
286;Winnipeg;Amerika (Nord-Zentral);2;WIN;YWG;-;2886;1;NOCITY;0;564000;-97,23;-49,9;-102,23;-40,9;500;3
159;Atlanta;Amerika (Nord-Ost);2;ATL;ATL;-;2590;1;ATLANTA1;1;11226900;-84,43;-33,64;-90,43;-24,64;11000;2
173;Bermudy;Amerika (Nord-Ost);2;BDA;BDA;-;2730;1;NOCITY;0;786800;-64,69;-32,37;-70,69;-23,37;1000;2
287;Boston;Amerika (Nord-Ost);2;BOS;BOS;-;2887;1;NOCITY;1;5785200;-71,01;-42,36;-77,01;-33,36;6000;3
288;Charlotte;Amerika (Nord-Ost);2;CHA;CLT;-;2888;1;NOCITY;0;3038100;-80,94;-35,22;-86,94;-26,22;3000;3
163;Detroit;Amerika (Nord-Ost);2;DET;DTW;-;2630;1;NOCITY;0;3870200;-83,34;-42,22;-89,34;-33,22;4000;2
289;Goose;Amerika (Nord-Ost);2;GOO;YYR;-;2889;1;NOCITY;0;667300;-60,42;-53,32;-69,42;-44,32;500;4
290;Halifax;Amerika (Nord-Ost);2;HAL;YHZ;-;2890;1;NOCITY;0;485900;-63,52;-44,88;-69,52;-35,88;500;3
136;Miami;Amerika (Nord-Ost);2;MIA;MIA;miami;2360;2;MIAMI1;2;15930800;-80,29;-25,79;-86,29;-16,79;16000;0
291;Montreal;Amerika (Nord-Ost);2;MON;YUL;-;2891;1;NOCITY;0;8378600;-73,75;-45,46;-79,75;-36,46;8500;4
135;Nowy;Amerika (Nord-Ost);2;NEW;JFK;ny;2350;1;NY1;5;24715700;-73,78;-40,64;-79,78;-31,64;24500;0
167;Orlando;Amerika (Nord-Ost);2;ORL;MCO;-;2670;1;ORLANDO1;1;4707400;-81,32;-28,43;-87,32;-19,43;4500;2
162;Ottawa;Amerika (Nord-Ost);2;OTT;YOW;-;2620;1;NOCITY;0;831600;-75,67;-45,32;-81,67;-36,32;1000;2
292;Filadelfia;Amerika (Nord-Ost);2;PHL;PHL;-;2892;1;NOCITY;5;3585200;-75,25;-39,87;-81,25;-30,87;3500;3
293;Toronto;Amerika (Nord-Ost);2;TOR;YYZ;-;2893;1;NOCITY;0;20579100;-79,63;-43,68;-85,63;-34,68;20500;3
294;Waszyngton;Amerika (Nord-Ost);2;WAS;IAD;-;2894;1;NOCITY;0;6062800;-77,46;-38,94;-83,46;-29,94;6000;4
295;Belize;Amerika (Mittel);2;BLI;BZE;-;2895;1;NOCITY;0;852400;-88,31;-17,54;-98,31;-10,54;1000;4
296;Cancún;Amerika (Mittel);2;CAN;CUN;-;2896;1;NOCITY;0;11040300;-86,87;-21,03;-96,87;-14,03;11000;3
297;Cane;Amerika (Mittel);2;CVA;BGI;-;2897;1;NOCITY;0;1403700;-59,49;-13,07;-69,49;-6,07;1500;4
298;Fort-de-France;Amerika (Mittel);2;MAR;FDF;-;2898;1;NOCITY;0;852800;-61,01;-14,59;-71,01;-7,59;1000;3
299;George;Amerika (Mittel);2;GCM;GCM;-;2899;1;NOCITY;0;1084400;-81,36;-19,29;-91,36;-12,29;1000;4
300;Gwatemala;Amerika (Mittel);2;GUA;GUA;-;2900;1;NOCITY;0;2214200;-90,53;-14,58;-100,53;-7,58;2000;3
301;Hawana;Amerika (Mittel);2;HAV;HAV;-;2901;1;NOCITY;0;3890400;-82,41;-22,99;-92,41;-15,99;4000;3
149;Honolulu;Amerika (Mittel);2;HON;HNL;honu;2490;1;HAWAII1;2;3473600;-157,93;-21,32;-167,93;-14,32;3500;0
154;Kingston;Amerika (Mittel);2;KIN;KIN;king;2540;1;KING1;1;1285500;-76,73;-17,95;-86,73;-10,95;1500;1
302;Managua;Amerika (Mittel);2;MGA;MGA;-;2902;1;NOCITY;0;659500;-86,17;-12,14;-96,17;-5,14;500;4
121;Meksyk;Amerika (Mittel);2;MEX;MEX;mex;2210;1;MEXICO1;2;11856900;-99,07;-19,44;-109,07;-12,44;12000;0
303;Nassau;Amerika (Mittel);2;NAS;NAS;-;2903;1;NOCITY;0;2450000;-77,47;-25,04;-87,47;-18,04;2500;3
304;Oranjestad;Amerika (Mittel);2;ORA;AUA;-;2904;1;NOCITY;0;3390200;-70,01;-12,5;-80,01;-5,5;3500;4
305;Panama;Amerika (Mittel);2;PAN;PTY;-;2905;1;NOCITY;0;10113500;-79,38;-9,07;-89,38;-2,07;10000;3
306;Pointe-à-Pitre;Amerika (Mittel);2;PTP;PTP;-;2906;1;NOCITY;0;1056200;-61,53;-16,27;-71,53;-9,27;1000;4
307;Port-au-Prince;Amerika (Mittel);2;PAP;PAP;-;2907;1;NOCITY;0;960700;-72,33;-18,56;-82,33;-11,56;1000;3
175;Punta;Amerika (Mittel);2;PUN;PUJ;-;2750;1;NOCITY;0;4292400;-68,38;-18,57;-78,38;-11,57;4500;2
119;San;Amerika (Mittel);2;SJO;SJO;sjose;2190;1;SANJOSE1;1;4075800;-84,21;-9,99;-94,21;-2,99;4000;0
308;San;Amerika (Mittel);2;SJC;SJD;-;2908;1;NOCITY;0;2669900;-109,72;-23,16;-119,72;-16,16;2500;4
309;San;Amerika (Mittel);2;SPS;SAP;-;2909;1;NOCITY;0;763300;-87,92;-15,45;-97,92;-8,45;1000;4
310;San;Amerika (Mittel);2;SAL;SAL;-;2910;1;NOCITY;0;3216200;-89,06;-13,44;-99,06;-6,44;3000;4
311;Santo;Amerika (Mittel);2;SDO;SDQ;-;2911;1;NOCITY;0;2853100;-69,67;-18,43;-79,67;-11,43;3000;4
312;Simpson;Amerika (Mittel);2;SIM;SXM;-;2912;1;NOCITY;0;1098700;-63,11;-18,04;-73,11;-11,04;1000;4
313;Willemstad;Amerika (Mittel);2;WIL;CUR;-;2913;1;NOCITY;0;892700;-68,96;-12,19;-78,96;-5,19;1000;4
314;Asunción;Amerika (Süd);2;ACN;ASU;-;2914;1;NOCITY;0;852600;-57,52;25,24;-71,52;36,24;1000;3
315;Belém;Amerika (Süd);2;BEL;BEL;-;2915;1;NOCITY;0;124700;-48,48;1,38;-62,48;12,38;1000;3
316;Bogota;Amerika (Süd);2;BOG;BOG;-;2916;1;NOCITY;0;6868500;-74,14;-4,71;-88,14;6,29;7000;3
317;Brasilia;Amerika (Süd);2;BRA;BSB;-;2917;1;NOCITY;0;479600;-47,92;15,86;-61,92;26,86;500;3
101;Buenos;Amerika (Süd);2;BUE;EZE;bea;2010;1;NOCITY;0;7334700;-58,53;34,82;-72,53;45,82;7500;0
134;Caracas;Amerika (Süd);2;CAR;CCS;car;2340;1;NOCITY;0;1043300;-66,99;-10,61;-80,99;-1,61;1000;0
318;Kajenna;Amerika (Süd);2;CAY;CAY;-;2918;1;NOCITY;0;217500;-52,36;-4,82;-66,36;6,18;1000;4
319;Georgetown;Amerika (Süd);2;GEO;GEO;-;2919;1;NOCITY;0;367800;-58,25;-6,5;-72,25;4,5;500;4
125;Lima;Amerika (Süd);2;LIM;LIM;lima;2250;1;LIMA1;1;7214700;-77,12;12,03;-91,12;23,03;7000;0
320;Manaus;Amerika (Süd);2;MAN;MAO;-;2920;1;NOCITY;0;128800;-60,05;3,04;-74,05;14,04;1000;3
321;Montevideo;Amerika (Süd);2;MVD;MVD;-;2921;1;NOCITY;0;1245700;-56,03;34,84;-70,03;45,84;1000;4
322;Paramaribo;Amerika (Süd);2;PBM;PBM;-;2922;1;NOCITY;0;412200;-55,19;-5,45;-69,19;5,55;500;4
323;Piarco;Amerika (Süd);2;PIA;POS;-;2923;1;NOCITY;0;1514700;-61,34;-10,59;-75,34;0,41;1500;4
324;Quito;Amerika (Süd);2;QUI;UIO;-;2924;1;NOCITY;0;1499200;-78,49;0,14;-92,49;11,14;1500;3
105;Rio;Amerika (Süd);2;RIO;GIG;rio;2050;1;RIO1;2;2641500;-43,24;22,81;-57,24;33,81;2500;0
325;Santa;Amerika (Süd);2;SCS;VVI;-;2925;1;NOCITY;0;877000;-63,13;17,64;-77,13;28,64;1000;3
177;Santiago;Amerika (Süd);2;SCL;SCL;-;2770;1;NOCITY;0;7009500;-70,79;33,39;-84,79;44,39;7000;2
326;São;Amerika (Süd);2;SPA;GRU;-;2926;1;NOCITY;0;9004100;-46,47;23,43;-60,47;34,43;9000;3
327;Ałmaty;Asien (Zentral);4;ALM;ALA;-;2927;1;NOCITY;0;1846800;77,03;-43,35;71,64;-42,35;2000;3
328;Aszchabad;Asien (Zentral);4;ASH;ASB;-;2928;1;NOCITY;0;652400;58,36;-37,98;54,27;-36,98;500;4
329;Astana;Asien (Zentral);4;AST;TSE;-;2929;1;NOCITY;0;1209800;71,45;-51,2;66,45;-50,2;1000;4
330;Duszanbe;Asien (Zentral);4;DUS;DYU;-;2930;1;NOCITY;0;824900;68,82;-38,54;64;-37,54;1000;4
331;Islamabad;Asien (Zentral);4;ISL;ISB;-;2931;1;NOCITY;0;2348500;72,82;-33,55;67,72;-32,55;2500;4
332;Kabul;Asien (Zentral);4;KAB;KBL;-;2932;1;NOCITY;0;1016200;69,21;-34,56;64,37;-33,56;1000;3
333;Krasnojarsk;Asien (Zentral);4;KRA;KJA;-;2933;1;NOCITY;0;258200;92,9;-56,05;86,4;-55,05;500;3
334;Manas;Asien (Zentral);4;FRU;FRU;-;2934;1;NOCITY;0;926900;74,48;-43,06;69,27;-42,06;1000;4
335;Taszkent;Asien (Zentral);4;TAS;TAS;-;2935;1;NOCITY;0;2332300;69,38;-41,32;64,52;-40,32;2500;4
336;Ułan;Asien (Zentral);4;ULN;ULN;-;2936;1;NOCITY;0;726500;106,77;-47,85;99,3;-46,85;500;4
337;Urumczi;Asien (Zentral);4;MQI;URC;-;2937;1;NOCITY;0;595500;87,47;-43,91;81,35;-42,91;500;3
338;Busan;Asien (Ost);4;BUS;PUS;-;2938;1;NOCITY;0;6137300;128,94;-35,18;119,91;-33,68;6000;4
339;Chengdu;Asien (Ost);4;CHE;CTU;-;2939;1;NOCITY;0;4301600;103,95;-30,58;96,67;-29,08;4500;3
340;Fukuoka;Asien (Ost);4;FUK;FUK;-;2940;1;NOCITY;0;4153400;130,45;-33,58;121,32;-32,08;4000;4
341;Kanton;Asien (Ost);4;GGZ;CAN;-;2941;1;NOCITY;0;12424800;113,3;-23,39;105,37;-21,89;12500;4
145;Hongkong;Asien (Ost);4;HKG;HKG;hong;2450;1;HK1;4;45073400;113,92;-22,3;105,95;-20,8;45000;0
342;Kunming;Asien (Ost);4;KUN;KMG;-;2942;1;NOCITY;0;3272300;102,94;-25,1;95,73;-23,6;3500;4
343;Makau;Asien (Ost);4;MAC;MFM;-;2943;1;NOCITY;0;4959600;113,59;-22,15;105,64;-20,65;5000;4
169;Osaka;Asien (Ost);4;OSA;KIX;-;2690;1;NOCITY;0;15718000;135,25;-34,42;125,78;-32,92;15500;2
106;Pekin;Asien (Ost);4;PEK;PEK;pek;2060;2;PEKING1;2;18508400;116,6;-40,07;108,44;-38,57;18500;0
344;Qingdao;Asien (Ost);4;QIN;TAO;-;2944;1;NOCITY;0;2745600;120,38;-36,27;111,95;-34,77;2500;4
345;Sapporo;Asien (Ost);4;SAP;CTS;-;2945;1;NOCITY;0;2576200;141,67;-42,8;131,75;-41,3;2500;3
120;Seul;Asien (Ost);4;SEO;ICN;seoul;2200;1;SEOUL1;2;42756100;126,44;-37,46;117,59;-35,96;43000;0
346;Szanghaj;Asien (Ost);4;SHA;PVG;-;2946;1;NOCITY;0;24133900;121,79;-31,14;113,26;-29,64;24000;3
347;Shenzhen;Asien (Ost);4;SHE;SZX;-;2947;1;NOCITY;0;4040200;113,92;-22,55;105,95;-21,05;4000;4
348;Tajpej;Asien (Ost);4;TAI;TPE;-;2948;1;NOCITY;0;28129000;121,23;-25,08;112,74;-23,58;28000;3
117;Tokio;Asien (Ost);4;TOK;NRT;tok;2170;1;TOKYO1;1;22936900;140,39;-35,76;130,56;-34,26;23000;0
349;Władywostok;Asien (Ost);4;WLA;VVO;-;2949;1;NOCITY;0;884300;131,67;-43,22;122,45;-41,72;1000;3
350;Xianyang;Asien (Ost);4;XIA;XIY;-;2950;1;NOCITY;0;2032900;108,7;-34,37;101,09;-32,87;2000;4
352;Czennaj;Asien (Süd);4;CHN;MAA;-;2952;1;NOCITY;0;3577500;80,18;-12,99;81,18;-10,49;3500;3
353;Chiang;Asien (Süd);4;CHM;CNX;-;2953;1;NOCITY;0;2241800;98,97;-18,77;99,97;-16,27;2000;4
354;Kolombo;Asien (Süd);4;COL;CMB;-;2954;1;NOCITY;0;6461500;79,88;-7,18;80,88;-4,68;6500;3
115;Delhi;Asien (Süd);4;DEL;DEL;del;2150;1;DELHI1;2;10997700;77,1;-28,57;78,1;-26,07;11000;0
355;Dhaka;Asien (Süd);4;DAC;DAC;-;2955;1;NOCITY;0;5035900;90,39;-23,78;89,39;-21,28;5000;3
356;Hanoi;Asien (Süd);4;HAN;HAN;-;2956;1;NOCITY;0;7358000;105,89;-21,04;106,89;-18,54;7500;3
357;Karaczi;Asien (Süd);4;KAR;KHI;-;2957;1;NOCITY;0;2678200;67,16;-24,91;68,16;-22,41;2500;3
358;Katmandu;Asien (Süd);4;KTM;KTM;-;2958;1;NOCITY;0;2947700;85,36;-27,7;84,36;-25,2;3000;3
139;Male;Asien (Süd);4;MLE;MLE;male;2390;1;MALE1;6;2920400;73,52;-4,2;74,52;-1,7;3000;0
359;Mumbaj;Asien (Süd);4;MUM;BOM;-;2959;1;NOCITY;0;7768100;72,85;-19,09;72,85;-16,59;8000;3
360;Rangun;Asien (Süd);4;RAN;RGN;-;2960;1;NOCITY;0;3084600;96,14;-16,91;97,14;-14,41;3000;3
362;Wientian;Asien (Süd);4;VTE;VTE;-;2962;1;NOCITY;0;1339700;102,57;-17,98;103,57;-15,48;1500;4
131;Bangkok;Asien (Süd-Ost);4;BKK;BKK;ban;2310;1;BANGKOK1;4;33759600;100,75;-13,7;101,75;-11,2;34000;0
363;Brunei;Asien (Süd-Ost);4;BRU;BWN;-;2963;1;NOCITY;0;1364400;114,93;-4,93;113,93;-2,43;1500;3
364;Cebu;Asien (Süd-Ost);4;CEB;CEB;-;2964;1;NOCITY;0;2698900;123,98;-10,31;124,98;-7,81;2500;4
365;Denpasar;Asien (Süd-Ost);4;DPS;DPS;-;2965;1;NOCITY;0;8533300;115,17;8,75;115,17;13,25;8500;3
366;Ho;Asien (Süd-Ost);4;HCM;SGN;-;2966;1;NOCITY;0;9689500;106,66;-10,82;107,66;-8,32;9500;3
367;Dżakarta;Asien (Süd-Ost);4;JAK;CGK;-;2967;1;NOCITY;0;10732700;106,66;6,13;106,66;10,63;10500;3
368;Kuala;Asien (Süd-Ost);4;KUA;KUL;-;2968;1;NOCITY;0;28518900;101,71;-2,75;102,71;1,75;28500;3
126;Manila;Asien (Süd-Ost);4;MNL;MNL;manila;2260;1;MANILA1;2;15561200;121,02;-14,51;122,02;-12,01;15500;0
369;Phnom;Asien (Süd-Ost);4;PPE;PNH;-;2969;1;NOCITY;0;4094200;104,85;-11,55;103,85;-9,05;4000;3
370;Phuket;Asien (Süd-Ost);4;PUK;HKT;-;2970;1;NOCITY;0;6298400;98,31;-8,11;99,31;-3,61;6500;3
128;Singapur;Asien (Süd-Ost);4;SIN;SIN;spur;2280;1;SINGA1;1;42326800;103,99;-1,36;104,99;3,14;42500;0
371;Adelajda;Ozeanien;4;ALE;ADL;-;2971;1;NOCITY;0;694000;138,53;34,95;133,53;38,45;500;3
372;Auckland;Ozeanien;4;AUC;AKL;-;2972;1;NOCITY;0;7004300;174,8;37,01;168,8;41,51;7000;3
373;Brisbane;Ozeanien;4;BRI;BNE;-;2973;1;NOCITY;0;4171300;153,12;27,39;148,12;30,89;4000;3
374;Broome;Ozeanien;4;BRO;BME;-;2974;1;NOCITY;0;701900;122,23;17,95;118,23;22,45;500;4
375;Christchurch;Ozeanien;4;CHR;CHC;-;2975;1;NOCITY;0;1113900;172,53;43,49;166,53;47,99;1000;3
376;Darwin;Ozeanien;4;DAR;DRW;-;2976;1;NOCITY;0;228400;130,87;12,42;125,87;18,92;1000;3
377;Fidżi;Ozeanien;4;FIJ;NAN;-;2977;1;NOCITY;0;1354400;177,45;17,75;170,45;22,25;1500;4
103;Melbourne;Ozeanien;4;MEL;MEL;mel;2030;1;MEL1;2;7110700;144,83;37,66;139,83;41,16;7000;0
155;Perth;Ozeanien;4;PER;PER;per;2550;1;PERTH1;2;2702600;115,97;31,93;111,97;35,43;2500;1
102;Sydney;Ozeanien;4;SYD;SYD;syd;2020;1;SYDNEY1;1;10972600;151,18;33,94;146,18;37,44;11000;0
378;Tabulil;Ozeanien;4;TAB;TBG;-;2978;1;NOCITY;0;935900;141,23;5,28;137,23;9,78;1000;4
174;Wellington;Ozeanien       ;4;WEL;WLG;-;2740;1;NOCITY;0;603700;174,8;41,32;168,8;45,82;500;2
379;Ateny;South-East Europe;1;ATH;ATH;ath;2999;1;ATHEN1;2;772000;23,9;-37,9;23,8;-38;8000;0
380;Atlantyda;Atlantic ;1;ATS;ATS;-;2580;1;NOCITY;0;1000000;-30;-41;-30;-41;12000;2
381;Bermudy;North America ;2;BDA;BDA;-;2730;1;NOCITY;0;1000;-64,7;-32,4;-64,5;-32,1;420000;2
382;Bruksela;West Europe ;1;BRU;BRU;-;2680;1;NOCITY;0;959000;4,5;-50,9;9,2;-48,5;7000;2
383;Honolulu;Pacific;4;HON;HNL;honu;2490;1;HAWAII1;2;365000;-157,9;-21,3;-141;-17;18000;0
384;Kair;North-East Africa;3;KAI;CAI;kairo;2000;2;KAIRO1;3;6800000;31,4;-30,1;31,5;-30;68000;0
385;Kapsztad;Africa ;3;KAP;CPT;-;2760;1;NOCITY;0;2730000;18,6;34;15,2;36;12000;2
386;Kijów;East Europe;1;KIE;KBP;kiev;2420;1;NOCITY;0;2660000;30,9;-50,3;30;-50;27000;0
387;Kopenhaga;North Europe;1;KOP;CPH;kop;2070;1;KOPEN1;1;467000;12,7;-55,6;14;-55,6;5000;0
388;Lanzarote;West Europe ;1;LAN;ACE;-;2720;1;NOCITY;0;54000;-13,6;-28,9;-18,3;-28,6;4000;2
389;Londyn;Western Europe;1;LON;LHR;lon;2140;1;LONDON1;5;6904000;-0,5;-51,5;0;-51,8;69000;0
390;Madryt;South-West Europe;1;MAD;MAD;madrid;2290;1;MADRID1;1;3010000;-3,6;-40,5;-3,5;-40,5;30000;0
391;Moskwa;Russia;1;MOS;SVO;mosk;2430;1;MOSKAU1;1;8667000;37,4;-56;37;-55;87000;0
392;Monachium;Mid Europe;1;MUN;MUC;muench;2090;1;MUNICH1;1;1255000;11,8;-48,4;11,5;-48,2;13000;0
393;Nowy Jork;North America;2;NEW;JFK;ny;2350;1;NY1;5;7312000;-73,8;-40,6;-74;-36;73000;0
394;Pary¿;West Europe;1;PAR;CDG;par;2120;1;PARIS1;2;2152000;2,5;-49;4;-48,7;22000;0
395;Pekin;East Asia;4;PEK;PEK;pek;2060;2;PEKING1;2;8000000;116,6;-40,1;116,5;-40;80000;0
396;Rijad;East Africa;3;RIA;RUH;riad;2470;1;NOCITY;0;1975000;46,7;-25;47;-24;20000;0
397;Rzym;South Europe;1;ROM;FCO;rom;2160;1;ROM1;1;2687000;12,2;-41,8;13,5;-42,5;27000;0
398;Santiago;South America ;2;CHI;SCL;-;2770;1;NOCITY;0;5490000;-70,8;33,4;-78;36;50000;2
399;Seul;East Asia;4;SEO;GMP;seoul;2200;1;SEOUL1;2;10612000;126,8;-37,6;124;-35;106000;0
400;Sztokholm;Europe;1;STO;ARN;sto;2560;1;STOCKH1;2;695000;17,9;-59,6;21;-59;5000;1
401;Warszawa;Mid Europe;1;WAR;WAW;war;2270;1;NOCITY;0;1642000;21;-52,2;21;-52,5;16000;0
402;Wiedeñ;Mid Europa;1;WIE;VIE;wien;2240;1;WIEN1;1;1539000;16,6;-48,1;16,2;-47;15000;0
403;Zurych;Mid Europa;1;ZUR;ZRH;zuer;2500;1;NOCITY;0;353000;8,5;-47,5;9;-48,2;12000;0
